obs_date,item_id,mgrs_tile,scene_cloud,median_ndvi,p10_ndvi,p90_ndvi,n_px,n_clear_px,clear_fraction,is_clear,flags,ring_median,ring_mad,ring_n_px,nb_source,nb_median,gap_nb,z_nb,hist_mean,hist_n_years,z_hist,status
2025-06-04,S2C_MSIL2A_20250604T033601_R061_T48QTD_20250604T084721,48QTD,26.167032,0.6511,0.4448,0.7875,9604,9604,1.0,True,,0.6418,0.0826,87590,cane_pixels,0.6418,0.0145,0.076,,,,normal
2025-06-06,S2A_MSIL2A_20250606T034201_R061_T48QTD_20250606T073218,48QTD,54.876022,,,,9604,0,0.0,False,no_clear_pixels;ring_too_few_pixels,,,0,,,,,,,,
2025-06-09,S2B_MSIL2A_20250609T033539_R061_T48QTD_20250609T071418,48QTD,84.95834,,,,9604,0,0.0,False,no_clear_pixels;ring_too_few_pixels,,,0,,,,,,,,
2025-06-14,S2C_MSIL2A_20250614T033551_R061_T48QTD_20250614T090546,48QTD,83.15652,,,,9604,0,0.0,False,no_clear_pixels;ring_too_few_pixels,,,6,,,,,,,,
2025-06-24,S2C_MSIL2A_20250624T033551_R061_T48QTD_20250624T083123,48QTD,47.704025,0.7412,0.5053,0.8422,9604,7916,0.8242,True,,0.7333,0.0719,74951,cane_pixels,0.7333,0.0108,0.074,,,,normal
2025-06-26,S2A_MSIL2A_20250626T034201_R061_T48QTD_20250626T073921,48QTD,78.6509,,,,9604,0,0.0,False,no_clear_pixels;ring_too_few_pixels,,,153,,,,,,,,
2025-07-14,S2C_MSIL2A_20250714T033601_R061_T48QTD_20250714T083617,48QTD,55.015255,0.7316,0.4902,0.8303,9604,1823,0.1898,False,low_clear_fraction,0.7551,0.0583,44075,,,,,,,,
2025-07-29,S2B_MSIL2A_20250729T033539_R061_T48QTD_20250729T072952,48QTD,58.08255,,,,9604,0,0.0,False,no_clear_pixels;ring_too_few_pixels,,,48,,,,,,,,
2025-08-03,S2C_MSIL2A_20250803T033601_R061_T48QTD_20250803T085013,48QTD,58.47827,,,,9604,0,0.0,False,no_clear_pixels;ring_too_few_pixels,,,0,,,,,,,,
2025-08-05,S2A_MSIL2A_20250805T034201_R061_T48QTD_20250805T075313,48QTD,23.35497,0.758,0.5677,0.814,9604,7628,0.7943,True,,0.7482,0.0511,65699,cane_pixels,0.7482,0.0131,0.129,,,,normal
2025-08-08,S2B_MSIL2A_20250808T033539_R061_T48QTD_20250808T060936,48QTD,22.25261,0.793,0.5881,0.8507,9604,9604,1.0,True,,0.7715,0.0526,90423,cane_pixels,0.7715,0.0279,0.276,,,,normal
2025-08-28,S2B_MSIL2A_20250828T033539_R061_T48QTD_20250828T061956,48QTD,94.951706,0.479,0.4202,0.5348,9604,6084,0.6335,True,,0.5069,0.051,14640,cane_pixels,0.5069,-0.055,-0.369,,,,normal
2025-09-07,S2B_MSIL2A_20250907T033539_R061_T48QTD_20250907T072207,48QTD,88.75185,,,,9604,0,0.0,False,no_clear_pixels;ring_too_few_pixels,,,68,,,,,,,,
2025-09-12,S2C_MSIL2A_20250912T033551_R061_T48QTD_20250912T090014,48QTD,50.13445,0.7649,0.5333,0.846,9604,2789,0.2904,False,low_clear_fraction,0.7336,0.0595,8303,,,,,,,,
2025-09-14,S2A_MSIL2A_20250914T034201_R061_T48QTD_20250914T073413,48QTD,74.128876,0.7003,0.5452,0.7783,9604,3377,0.3516,False,low_clear_fraction,0.6159,0.0709,6318,,,,,,,,
2025-09-17,S2B_MSIL2A_20250917T033529_R061_T48QTD_20250917T080730,48QTD,81.433754,,,,9604,0,0.0,False,no_clear_pixels,0.6764,0.0572,13273,,,,,,,,
2025-09-22,S2C_MSIL2A_20250922T033551_R061_T48QTD_20250922T091415,48QTD,83.2577,,,,9604,0,0.0,False,no_clear_pixels;ring_too_few_pixels,,,0,,,,,,,,
2025-09-27,S2B_MSIL2A_20250927T033539_R061_T48QTD_20250927T072544,48QTD,93.618675,0.6992,0.5851,0.7443,9604,7713,0.8031,True,,0.6838,0.0358,45473,cane_pixels,0.6838,0.0225,0.29,,,,normal
2025-10-02,S2C_MSIL2A_20251002T033611_R061_T48QTD_20251002T091721,48QTD,48.28321,,,,9604,0,0.0,False,no_clear_pixels,0.7444,0.043,28431,,,,,,,,
2025-10-04,S2A_MSIL2A_20251004T034201_R061_T48QTD_20251004T073920,48QTD,79.43582,,,,9604,0,0.0,False,no_clear_pixels;ring_too_few_pixels,,,0,,,,,,,,
2026-06-14,S2B_MSIL2A_20260614T033529_R061_T48QTD_20260614T072749,48QTD,26.238552,0.6716,0.4191,0.8043,9604,9604,1.0,True,,0.6462,0.1009,90855,cane_pixels,0.6462,0.0393,0.17,0.6962,1,-0.385,normal
2026-06-24,S2B_MSIL2A_20260624T033529_R061_T48QTD_20260624T073314,48QTD,53.93846,0.6901,0.4237,0.8051,9604,9604,1.0,True,,0.6699,0.0934,92494,cane_pixels,0.6699,0.0302,0.146,0.7412,1,-1.022,normal
2026-07-14,S2B_MSIL2A_20260714T033539_R061_T48QTD_20260714T072729,48QTD,88.65755,,,,9604,0,0.0,False,no_clear_pixels;ring_too_few_pixels,,,0,,,,,,,,
2026-07-19,S2C_MSIL2A_20260719T033541_R061_T48QTD_20260719T083917,48QTD,51.49197,,,,9604,0,0.0,False,no_clear_pixels;ring_too_few_pixels,,,0,,,,,,,,
2026-07-24,S2B_MSIL2A_20260724T033539_R061_T48QTD_20260724T072526,48QTD,60.205902,0.7033,0.4605,0.7773,9604,5486,0.5712,False,low_clear_fraction,0.6748,0.0782,64008,,,,,,,,
2026-07-31,S2A_MSIL2A_20260731T034201_R061_T48QTD_20260731T103054,48QTD,92.933525,,,,9604,0,0.0,False,no_clear_pixels,0.5132,0.0713,1479,,,,,,,,
2026-08-13,S2B_MSIL2A_20260813T033529_R061_T48QTD_20260813T072506,48QTD,52.86028,0.6074,0.4931,0.7479,9604,863,0.0899,False,low_clear_fraction,0.664,0.0849,5520,,,,,,,,
2026-08-18,S2C_MSIL2A_20260818T033531_R061_T48QTD_20260818T084111,48QTD,80.99354,0.7435,0.55,0.8235,9604,9604,1.0,True,,0.6456,0.0977,66185,cane_pixels,0.6456,0.1516,0.676,0.636,1,0.484,normal
2026-09-02,S2B_MSIL2A_20260902T033529_R061_T48QTD_20260902T072724,48QTD,77.08761,,,,9604,0,0.0,False,no_clear_pixels,0.5138,0.0608,8394,,,,,,,,
2026-09-07,S2C_MSIL2A_20260907T033531_R061_T48QTD_20260907T084110,48QTD,70.26442,0.5336,0.4374,0.6324,9604,586,0.061,False,low_clear_fraction,0.6557,0.0897,22894,,,,,,,,
2026-09-12,S2B_MSIL2A_20260912T033529_R061_T48QTD_20260912T073504,48QTD,47.123093,0.7376,0.5604,0.7917,9604,9560,0.9954,True,,0.7405,0.0477,69490,cane_pixels,0.7405,-0.0039,-0.041,,,,normal
2026-09-17,S2C_MSIL2A_20260917T033531_R061_T48QTD_20260917T141517,48QTD,82.36807,0.711,0.6097,0.7814,9604,1764,0.1837,False,low_clear_fraction,0.7246,0.0529,34177,,,,,,,,
2026-09-22,S2B_MSIL2A_20260922T033539_R061_T48QTD_20260922T072720,48QTD,33.277588,0.7572,0.6177,0.8006,9604,8460,0.8809,True,,0.7475,0.042,73921,cane_pixels,0.7475,0.013,0.156,0.6992,1,1.16,normal
2026-09-27,S2C_MSIL2A_20260927T033541_R061_T48QTD_20260927T084310,48QTD,92.04959,0.6556,0.5615,0.7053,9604,9532,0.9925,True,,0.5916,0.0651,67739,cane_pixels,0.5916,0.1082,0.663,0.6992,1,-0.872,normal
2026-09-29,S2A_MSIL2A_20260929T034201_R061_T48QTD_20260929T071759,48QTD,55.146156,0.7788,0.6797,0.8208,9604,9604,1.0,True,,0.7387,0.047,49099,cane_pixels,0.7387,0.0543,0.575,0.6992,1,1.592,normal
2026-10-02,S2B_MSIL2A_20261002T033549_R061_T48QTD_20261002T072410,48QTD,27.79726,0.7855,0.7089,0.8264,9604,5157,0.537,False,low_clear_fraction,0.7432,0.0467,57961,,,,,,,,
